{"info": {"bench": "pdl", "enc": "exact", "device": "cuda:0", "n_trials": 10, "n_warmup": 5}, "results": {"12500": {"mean": 779.5446500065736, "total": 7795.4465000657365}, "15000": {"mean": 1090.6446100096218, "total": 10906.446100096218}}}