{"info": {"bench": "pdl", "enc": "exact", "device": "cpu", "n_trials": 10, "n_warmup": 5}, "results": {"12500": {"mean": 17172.937799978536, "total": 171729.37799978536}, "15000": {"mean": 24468.86413000757, "total": 244688.6413000757}}}